"ID","Inventar Nummer","Kurzbezeichnung","Modell"
"7","0005","Mikrofon","SKM"
"8","0006","Mikrofon","SKM"
"15","0013","IEM Bodypack","SK"
"16","0014","IEM Bodypack","SK "
"18","0016","IEM Bodypack","SK"
"19","0017","IEM Bodypack","SK"
"24","0022","Kamera","PXW-FS5"
"30","0027","Kamera","PXW-FS5"
"34","0032","Objektiv"," SELP18105G"
"46","0044","Lavaliermikrofon","Ultra 0.71x - Speedbooster"
"52","0050","Wireless Display Adapter","Ultra 0.71x - Speedbooster"
"65","0063","Switch","GS108PEv3"
"115","0081","Lampe","PAR-16xy"
"119","0085","PC","RP55810"
"120","0086","PC","RP55810"
"121","0087","Projektor","VT49"
"124","0090","Video-Extender","8-Port HDMI Video Splitter"
"125","0091","Video-Extender","8-Port HDMI Video Splitter"
"127","0093","HDMI-Extender Receiver","DS-43110"
"129","0095","Bildschirm","T220"
"172","0140","Intercom Headset","HMD685a"
"190","0158","16-Kanal Analog-Mischpult","MG16/4"
"195","0163","iMac","Retina 5K, 27 Zoll, Ende 2015"
"196","0164","Bildschirm","ProLite TM2452MTS"
"197","0165","Intercom Beltpack","BP-100"
"207","0175","Lautsprecher","USW-1P"
"224","0192","Intercom Beltpack","BP-100"
"250","0217","PC","D1P35AV"
"269","0236",,"IWG-WJTZ01"
"271","0238","TF5","TF5"
"280","0247",,"DS1-MP10RX"
"296","0265",,"B528s-23a"
"337","0306",,"Helo"
"367","0330","Sony Alpha","Alpha7SIII"
"371","0334",,"SEL2870"
"372","0335",,"Mini Prime 25mm"
"376","0339","HDMI to SDI Converter","Mini Converter HDMI to SDI"
"1","1001","Notebook","1516"
"3","0001","Kamera","EX1-R"
"4","0002","Kamera","PMW-200"
"5","0003","Fieldmonitor","FS7"
"6","0004","Fieldmonitor","FS7"
"9","0007","IEM Bodypack","EK IEM"
"10","0008","IEM Bodypack","EK IEM"
"11","0009","IEM Bodypack","EK IEM"
"12","0010","IEM Bodypack","EK IEM"
"13","0011","IEM Bodypack","EK IEM"
"14","0012","IEM Bodypack","EK IEM"
"17","0015","Fieldmonitor","FS7"
"20","0018","Headset","DPA 4166-OL-F-F00-LH"
"21","0019","Headset","4166-OL-F-F00-LH"
"22","0020","Headset","4466-OC-R-F00"
"23","0021","Headset","4466-OC-R-F00"
"25","0023","Fieldmonitor","A11"
"26","0024","Akku","BP-U30"
"27","0025","Akku","BP-U60"
"28","0026","Studioleuchte","NL480"
"29","0028","Studioleuchte","NL480"
"31","0029","Akku","BP-U30"
"32","0030","Akku","BP-U60"
"33","0031","Akku","S-8U63"
"35","0033","MagicArm","244N Variable Friction Arm"
"36","0034","Zubehörstativ","ohne"
"37","0035","Zubehörstativ","1005BAC"
"38","0036","Zubehörstativ","1005BAC"
"39","0037","Zubehörstativ","1005BAC"
"40","0038","MagicArm","244N Variable Friction Arm"
"41","0039","MagicArm","244N Variable Friction Arm"
"42","0040","Zubehörstativ","kein"
"43","0041","Ringleuchte","RP20-B - Ringleuchte"
"44","0042","Adlerauge","MT0822"
"45","0043","Fernbedienung Adlerauge","RM0822"
"47","0045","Lavaliermikrofon","Lavalier"
"48","0046","Lavaliermikrofon","Lavalier"
"49","0047","Entfernungsmessgerät","LDM 30 - Laser-Entfernungsmessgerät"
"50","0048","Luxmeter","0048"
"51","0049","Videohub Smart Control Panel","Videohub Smart Control"
"53","0051","Videohub Smart Control Panel","Videohub Smart Control"
"54","0052","Wireless Display Adapter","Wireless Display Adapter"
"55","0053","Wireless Display Adapter","Wireless Display Adapter"
"56","0054","Dante Analog-Output","ADP-DAO-AU-0X2"
"57","0055","Hinterkamerabedienung","ZSD-15M II - Hinterkamerabedienung"
"58","0056","Mini-Mischpult","XENYX502"
"59","0057","Kopfhörerverstärker","Micro Mon MA400"
"60","0058","Mini-Mischpult","HPA in Ear"
"61","0059","Mini-Mischpult","XENYX302USB"
"62","0060","Switch","GS105E"
"63","0061","Mini-Mischpult","XENYX302USB"
"64","0062","Mini-Mischpult","XENYX302USB"
"66","0064","HDMI-Extender Empfänger","HDMI Extender TCP/IP"
"67","0065","HDMI-Extender Sender","HDMI Extender TCP/IP"
"68","0066","HDMI-Extender Empfänger","HDMI Extender TCP/IP "
"69","0067","HDMI-Extender Sender","HDMI Extender TCP/IP"
"71","0069","Video CF-Player","CF-Player Full HD"
"72","0070","Intercom PowerSupply","PK-5"
"73","0071","HDMI Extender Empfänger","C6 100m"
"74","0072","HDMI-Extender Sender","HDBaseT"
"75","0073","HDMI-Extender Empfänger","C6 100m"
"76","0074","HDMI-Extender Sender","HDBaseT"
"77","0501",,"Akku Schrauber M 18ONEPD2 mit 2 Akkus 5,0 Ah und einem Ladegerät M12-18 FC"
"78","0502",,"Akku Schrauber M 18ONEPD2 mit 2 Akkus 5,0 Ah "
"81","0505",,"Milwaukee Stemmhammer PLH 28XE "
"82","0506",,"Akku Flex Milwaukee M 18 ONE SAG 125XB, 2 Akkus "
"84","0508",,"Akku Schrauber Milwaukee M 18 CBL PD, 2 AKKUS"
"87","0512",,"Stativ Baustrahler M 18 HOS ALC"
"88","0513",,"Industriesauger AS-30 LAC"
"109","0075","HDMI-Extender Empfänger","DVI-2-HDSDISP.003 Scaler"
"110","0076","Tastatur","Periboard-505 Plus"
"111","0077","Tastatur","RS 6000 USB"
"112","0078","Tastatur","KB2112-B"
"113","0079","Laptop","ThinkPad T410i"
"114","0080","Headset","HMD-660"
"116","0082","SxS Cardreader","SBAC-US10"
"117","0083","Kamera","EQH5200"
"118","0084","Projektor","LT380"
"122","0088","12-Kanal Analog-Mischpult","MG12XU"
"123","0089","Kompressor","166xl"
"126","0092",,"GS7241 v4"
"128","0094","Bildschirm","V223W E"
"130","0096","Laptop","Mobile 1516"
"131","0097","Bildschirm","ProLite XU229OHS-B1"
"132","0098","Bildschirm","XU2290HS-B1"
"133","0099","Bildschirm","XU2290HS-B1"
"134","0100","Laptop","ThinkPad 2765"
"135","0101","Empfänger","EM 300"
"136","0102","QL5","QL5"
"137","0103","PC","Z230 SFF Workstation"
"138","0104","Audiorecorder","SS-R200"
"139","0105","Bildschirm","ProLite 2452MTS"
"140","0107","DI-Box","Ultra-DI Model DI20"
"141","0108","DI-Box","Ultra-DI DI20"
"142","0109","Monitor-Lautsprecher","Mon Baby 100 W RMS"
"143","0110","Mikrofon","SM58"
"144","0111","Mikrofon","Beta 58"
"145","0112","Mikrofon","SM58"
"146","0113","Mikrofon","SL 84C"
"147","0115","Mikrofon","Beta 58A"
"148","0116","Mikrofon","BETA 58A"
"149","0117","Mikrofon","SM57 "
"150","0118","Mikrofon","D189"
"151","0119","Mikrofon","SM58"
"152","0120","Mikrofon","BETA 58A"
"153","0121","Mikrofon","BETA 58A"
"154","0122","Mikrofon","BETA 58A"
"155","0123","Monitor-Lautsprecher","Mon Baby 100 W "
"156","0124","DI-Box","IMP 2"
"157","0125","DI-Box","260"
"158","0126","DI-Box","Pan 02"
"159","0127","DI-Box","DIB-100"
"160","0128","DI-Box","S. direct plus"
"161","0129","DI-Box","Passive Pan 04"
"162","0130","DI-Box","PAN 04"
"163","0131","Cameo LED Floor Spot","Flat Pro Can 7- 7 x 10 RGBWA"
"164","0132","Cameo LED Floor Spot","CLP Flat Pro 7- 7 x 10 RGBWA"
"165","0133","Cameo LED Floor Spot","CLP Flat Pro 7- 7x 10 RGBWA"
"166","0134","Cameo LED Floor Spot","CLP Flat Pro 7 - 7 x 10 RGBWA"
"167","0135","Cameo LED Floor Spot","CLP Flat Pro 7 - 7x 10 RGBWA "
"168","0136","Cameo LED Floor Spot","CLP Flat Pro 7 -7 x 10 RGBWA"
"169","0137","Mikrofon","D189"
"170","0138","Drumpad","SPD-SX"
"171","0139","Mikrofon","SM81 "
"173","0143","Bildschirm","LT27B300EW/EN"
"174","0141","Bildschirm","BL220I - T"
"175","0142","Label-Printer","QL-570"
"177","0145","Intercom-Headset","DT 109 / 50 Ohm"
"178","0146","Intercom-Headset","DT 109 / 50 Ohm"
"179","0147",,"SPC HP200"
"180","0148","Audio USB-Interface","Scarlett 2i2"
"181","0149","Intercom-Headset","DT 109 / 50 Ohm"
"182","0150","Intercom-Headset","DT 108 / 400 ohm"
"183","0151","Intercom-Headset","DT 108 / 50 Ohm"
"184","0152","Headset","TuneE500"
"185","0153","Hyperdeck","Hyperdeck Studio HD Plus"
"186","0154","SDI to HDMI Converter","MikroConverter SDI to HDMI 3G"
"187","0155","SDI to HDMI Converter","MikroConverter SDI to HDMI 3G"
"188","0156","Stream Deck XL","StreamDeck XL (20GAT9901)"
"189","0157",,"PT5664"
"191","0159","Bedienpanel","ATEM 1 M/E Advanced Panel"
"192","0160","Nahfeldmonitor Lautsprecher","MS101"
"194","0162","Nahfeldmonitor Lautsprecher","MS101"
"198","0166","PC","Z240 S55 Workstation"
"199","0167","Bildschirm","SyncMaster SA850"
"200","0168",,"OneTouch 4"
"201","0169","Mikrofon","SM48"
"202","0170","Stream Deck Mini","StreamDeck Mini (20GAI9901)"
"203","0171","Mikrofon","SM57"
"205","0173","Cameo LED Floor Spot","CLPLFLATPRO7"
"206","0174","Monitor-Lautsprecher","Mon Baby 100 W RMS"
"208","0176",,"MG06"
"209","0177","IEM Bodypack","Hardwired In Ear"
"210","0178","Kreuzschiene","Smart Videohub 12G 40x40"
"211","0179",,"14 W Schwarzlicht"
"212","0180",,"36 W Schwarzlicht"
"213","0181",,"36 W Schwarzlicht "
"214","0182",,"36 W Schwarzlicht"
"215","0183",,"14 W Schwarzlicht "
"216","0184",,"36 W Schwarzlicht"
"217","0185",,"DGS-1016D"
"218","0186",,"MS 60 C"
"219","0187","SDI to HDMI Converter","SDI to HDMI 3G"
"220","0188",,"H7928-U3"
"221","0189","6-Kanal Sprechstation","PL 630"
"222","0190","PC","Z230 SFF Workstation"
"223","0191",,"MDA 4V HD-SDI"
"225","0193",,"Synexis C10"
"226","0194","Mikrofon","DM-58-B"
"227","0195",,"Synexis C10 "
"228","0196",,"Synexis C10"
"229","0197",,"Synexis C10"
"230","0198",,"Synexis C10"
"231","0199",,"Synexis C10"
"232","0200","Akku Lautsprecher","LDRB65"
"233","0201","Studio LED Floor Spot","Studio Par Platinum 20 x 3W RGB"
"234","0202","Studio LED Floor Spot","Studio Par Platinum 20 x 3W RGB"
"235","0203","Studio LED Floor Spot","Studio Par Platinum 20 x 3W RGB"
"236","0203",,"70064820 "
"237","0204","Cameo LED Floor Spot","CLPFLATPRO7"
"238","0205","Studio LED Floor Spot","Studio Par Platinum 20 x 3W RGB"
"239","0206",,"LS c300d II"
"240","0207",,"LS c300d II"
"241","0208",,"LS c300d II"
"242","0209",,"LS c300d II"
"243","0210",,"iPad Air (3. Generation) "
"244","0211","Tastatur","Media K400 Plus"
"245","0212",,"S2 Speedlite Halterung S-Typ, Square Round Head"
"246","0213",,"S2 Speedlite Halterung S-Typ, Square Round Head Flash"
"247","0214",,"SDSSDE61-1T00"
"248","0215","Schallpegelmesser","AZ8922"
"249","0216","PC","Z230 SSF Workstation "
"251","0218",,"Light Dome II"
"252","0219",,"Light Dome II"
"253","0220","Intercom Beltpack","BS17 Basic Series Beltpack"
"254","0221","Hinterkamerabedienung","SRD-92B"
"255","0222","Hinterkamerabedienung","SRD-92B"
"256","0223","Intercom Beltpack","BS 15beltpack"
"257","0224","Intercom Beltpack","BS 17 Basic Series Beltpack"
"258","0225","Hinterkamerabedienung","SRD-92B"
"259","0226",,"Hardwired In Ear Beltpack "
"260","0227","DI-Box","Bass d.i +"
"261","0226","IEM Bodypack","Hardwired In Ear Body Pack"
"262","0229","Intercom Beltpack","BS 15 Bellpack"
"263","0230",,"P-Touch E55OW"
"264","0231","IEM Bodypack","Hardwired In Ear Monitor Body Pack"
"265","0232","IEM Bodypack","Hardwired In Ear Monitor Body Pack"
"266","0233",,"JGS516PE"
"267","0234","Bildschirm","SyncMaster SA850"
"268","0235","DI-Box","Passive PAN 04 "
"270","0237","Intercom Beltpack","BS 15 beltpack"
"272","0239","Studio Lautsprecher","MSP5 Studio"
"273","0240","Nahfeldmonitor Lautsprecher","MS101"
"274","0241","Studio Lautsprecher","MSP5 Studio"
"275","0242","Bildschirm","Multisync X401S"
"276","0243",,"NUC5CPYH"
"277","0244",,"DR-70D"
"278","0255","Mikrofon","NTG-2"
"279","0246",,"YN216"
"281","0248",,"NP-PE401HG"
"282","0249",,"NP-V332W"
"283","0250","Bildschirm","MultisyncP554"
"284","0251","Bildschirm","TH-42PF20ER"
"285","0253","Bildschirm","S2722QC"
"286","0256","Bildschirm","S2722QC"
"287","0252","Mac Studio","Mac Studio"
"288","0257",,"Thunder3 PCIe Box"
"289","0258","Mac Studio","Mac Studio"
"290","0259","Bildschirm","S2722QC"
"291","0260","Bildschirm","S2722QC"
"292","0261",,"K8 Wireless"
"293","0262",,"PerfectCue Micro Empfänger"
"294","0263",,"PerfectCue Micro Sender"
"295","0264","Stream Deck XL","StreamDeck XL (20GAT9901)"
"297","0266",,"LT-905-OLED"
"299","0268",,"Synexis TS8"
"300","0269",,"Synexis TS8"
"301","0270",,"Synexis TS8"
"324","0293",,"MF289F"
"325","0294",,"DMM-7-38-2TS9"
"326","0295",,"MG16"
"327","0304",,"Ultra Encode SDI"
"336","0305","Multimeter","MM 1-2"
"345","0307","Audio USB-Interface","SSL 2 (729702X1)"
"346","0308",,"Tube Ultragain Mic500USB"
"347","0309","Headset","HMD-660X"
"348","0310","SDI to HDMI Converter","Mini Converter SDI to HDMI 6G"
"350","0312","SDI to HDMI Converter","Mini Converter SDI to HDMI"
"351","0313",,"X-ONE 86"
"353","0315","Mac Mini","Mac mini 2023 M2 /8C CPU/10C GPU/16GB/256GB/1GbE/DEU - A2686"
"354","0316","Mac Mini","Mac mini 2023 M2 /8C CPU/10C GPU/16GB/256GB/1GbE/DEU - A2686"
"355","0317",,"Apple TV 4K Wi-Fi + Ethernet - A2843"
"356","0318",,"Apple TV 4K Wi-Fi + Ethernet - A2843"
"357","0319","MacBook","MacBook Pro 14"" M2 - 10C CPU/16C GPU/16GB/512GB - A2779"
"359","0321","Cross Converter SDI/HDMI","MD-HX"
"360","0322","Cross Converter SDI/HDMI","MD-HX"
"361","0323","Ultrastudio Monitor 3G","UltraStudio Monitor 3G"
"362","0324","UltraStudio Monitor 3G","UltraStudio Monitor 3G"
"377","0340","BiDirectional Converter HDMI/SDI","MiniConverter BiDirectional SDI/HDMI 12G"
"378","0344",,"VS2"
"379","0347","Mikrofon","MKH 416-P48U3"
"380","0348","Mikrofon","MKH 416-P48U3"
"381","0349","Bildschirm","S2722QC"
"382","0350","Bildschirm","S2722QC"
"383","0351","Bildschirm","S2722QC"
"384","0352","Bildschirm","S2722QC"
"385","0353","Bildschirm","S2722QC"
"386","0354","Bildschirm","S2722QC"
"387","0355","Bildschirm","S2722QC"
"388","0356","Bildschirm","S2722QC"
"389","0357","Bildschirm","S2722QC"
"390","0363","RIO 16","Rio1608-D"
"391","0364","RIO 16","Rio1608-D"
"392","0365","DI-Box","DI800 Ultra-DI PRO"
"393","0375","Bolero Beltpack","BL-BPK-1006-19"
"394","0376","Bolero Akku","BL-BAT-1015-ST"
"396","0377","Bolero Beltpack","BL-BPK-1006-19"
"397","0378","Bolero Akku","BL-BAT-1015-ST"
"398","0379","Bolero Beltpack","BL-BPK-1006-19"
"399","0380","Bolero Akku","BL-BAT-1015-ST"
"400","0381","Bolero Beltpack","BL-BPK-1006-19"
"401","0382","Bolero Akku","BL-BAT-1015-ST"
"402","0383","Bolero Beltpack","BL-BPK-1006-19"
"403","0384","Bolero Akku","BL-BAT-1015-ST"
"404","0360","Bolero Antenne","BL-ANT-1010-19G"
"405","0361",,"NSA-002A"
"406","0362",,"BL-CHG-1005-R"
"407","0366","Antennen-Combiner","AC 41"
"408","0367","IEM Sender","SR IEM G4"
"409","0368","IEM Sender","SR IEM G4"
"410","0369","IEM Sender","SR IEM G4"
"411","0370","IEM Sender","SR IEM G4"
"412","0371","IEM Sender","SR IEM G4"
"413","0372","Empfänger","EW-DX EM 4 Dante"
"414","0373","Empfänger","EW-DX EM 4 Dante"
"415","0374","Empfänger","EW-DX EM 4 Dante"
"416","0385",,"L 70 USB"
"417","0386",,"L 70 USB"
"418","0387",,"L 70 USB"
"419","0388",,"L 70 USB"
"420","0389",,"L 70 USB"
"421","0390",,"L 70 USB"
"422","0391","Antennen-Combiner","AC 41"
"423","0392","IEM Sender","SR IEM G4"
"424","0393","IEM Sender","SR IEM G4"
"425","0394",,"EK IEM G4"
"426","0395","IEM Sender","SR IEM G4"
"427","0396",,"EK IEM G4"
"428","0399",,
"429","0399",,"ADP UHF 470-1075 MHz"
"430","0398",,"ADP UHF 470-1075 MHz"
"431","0397",,"EW-D ASA (Q-R-S)"
"432","0400",,"GS305v3"
"433","0401",,"GS305v3"
"440","0408","Fieldmonitor","FS5"
"441","0409","Fieldmonitor","FS5"
"442","0410","Fieldmonitor","FS5"
"443","0411","Fieldmonitor","FS7"
"445","0416","Kopfhörer","DT770 PRO 250Ohm"
"446","0417","DI-Box","ProDI"
"447","0418","DI-Box","ProDI"
"448","0419","DI-Box","proD2"
"452","0425","Stream Deck XL","Streamdeck XL"
"453","0412",,"4466-OC-R-F34"
"454","0413",,"4466-OC-R-F34"
"456","0414",,"DM3"
"458","0358","Cross Converter SDI/HDMI","MD-HX"
"459","0359","Fieldmonitor","FS7"
"460","0426","MagicArm","244N Variable Friction Arm"
"461","0427","MagicArm","244N Variable Friction Arm"
"462","0428","Mikrofonstativ","233BK Tisch-/Bodenstativ"
"463","0429","Mikrofonstativ","233BK Tisch-/Bodenstativ"
"464","0430","Mikrofonstativ","26050 Black Large"
"465","0431","Mikrofonstativ","26050 Black Large"
"466","0432","Mikrofonstativ","26050 Black Large"
"467","0433","Mikrofonstativ","26050 Black Large"
"468","0437","Mikrofonstativ","K&M 25620 Schwenkarm + K&M 201A/2 Stativ"
"469","0434","Mikrofonstativ","25600 Mikrofonstativ"
"470","0435","Mikrofonstativ","25600 Mikrofonstativ"
"471","0436","Mikrofonstativ","25600 Mikrofonstativ"
"472","0438","DMX Splitter","SB 6 Dual DMX Splitter/Booster"
"473","0439","DI-Box","ProDI"
"474","0440","DI-Box","ProD2"
"475","0441",,"Pro Port 4 T - Power Twist TR1 auf 4-fach Schuko"
"476","0442",,"Pro Port 4 T - Power Twist TR1 auf 4-fach Schuko"
"477","0443",,"Pro Port 4 T - Power Twist TR1 auf 4-fach Schuko"
"478","0444",,"Pro Port 4 T - Power Twist TR1 auf 4-fach Schuko"
"479","0445",,"Pro Port 4 T - Power Twist TR1 auf 4-fach Schuko"
"480","0446",,"Pro Port 4 T - Power Twist TR1 auf 4-fach Schuko"
"481","0448","Monitor-Lautsprecher","Flexsys FM10"
"482","0449","Monitor-Lautsprecher","Flexsys FM10"
"483","0450","Monitor-Lautsprecher","Flexsys FM10"
"484","0453","Mikrofon","Beta 91A"
"485","0454","Mikrofon","V7"
"486","0455","Mikrofon","V7"
"487","0456","Mikrofon","V7"
"488","0457","Mikrofon","V7"
"489","0458","Mikrofon","V7"
"490","0459",,"Apple TV 4K Model A2843"
"491","0464","Studio Lautsprecher","HS5I"
"492","0465","Studio Lautsprecher","HS5I"
"493","0451",,"11940 Orchestral Music Stand"
"494","0452",,"11940 Orchestral Music Stand"
"495","0460",,"48 Concertino Music Stand"
"496","0461",,"48 Concertino Music Stand"
"497","0462",,"48 Concertino Music Stand"
"498","0463",,"48 Concertino Music Stand"
"499","0466","Tablet-Ständer","19790 Tablet Stand Holder + 260/1 Standfuß"
"500","0467","Tablet-Ständer","19790 Tablet Stand Holder + 260/1 Standfuß"
"501","0468","Tablet-Ständer","19790 Tablet Stand Holder + 260/1 Standfuß"
"502","0469","Tablet-Ständer","19790 Tablet Stand Holder + 260/1 Standfuß"
"503","0470","Tablet-Ständer","19790 Tablet Stand Holder + 260/1 Standfuß"
"504","0471","Bildschirm","TL-D2410HD"
"506","0473",,"MultiSyncV484"
"520","0488","Davinci Resolve Speed Editor","DaVinci Resolve Speed Editor"
"521","0489",,
"522","0490","Audio USB-Interface","Scarlett 4i4 4th Gen."
"523","0491","Mac Mini","Mac Mini M4 Pro - Model A3239"
"524","0492","Mac Mini","Mac Mini M4 - Model 3238"
"528","0497","Tastatur","MX Keys Mini for Mac"
"530","0496","Touchscreen 27""","T2755QSC-B1"
"531","0499","DI-Box","ProD2"
"532","0500","Tastatur","MX Keys for Mac"
"533","0751","Tastatur","MX Keys for Mac"
"534","0497","Tastatur","MX Keys Mini for Mac"
"535","0752","Tastatur","MX Keys for Mac"
"536","0753","Tastatur","MX Keys Mini for Mac"
"537","0754","Lichtmischpult","MA Grang MA3 onPC Command Wing"
"538","0755","Stream Deck Studio","Stream Deck Studio"
"539","0756","Stream Deck Studio","Stream Deck Studio"
"540","0757","Stream Deck Studio","Stream Deck Studio"
"541","0758","Stream Deck Studio","Stream Deck Studio"
"542","0759","Cross Converter SDI/HDMI","MD-HX"
"551","0773","Tastatur","MX Keys S"
"552","0774","Video Funkstrecke","CineView Master 4K - WIT07"
"553","0775","Intercom Headset","HMD685a"
"554","0776","Intercom Headset","HMD658a"
"555","0777","Intercom Headset","HMD685a"
"556","0778","Intercom Headset","HMD685a"
"557","0779","Intercom Headset","HMD685a"
"558","0780","Intercom Headset","HMD685a"
"559","0782","Tablet-Ständer","K&M 19766 Tablet Holder + K&M 260/1 Mikrofonständer"
"560","0783","Tablet-Ständer","K&M 19766 Tablet Holder + K&M 260/1 Mikrofonständer"
"561","0784","Tablet-Ständer","K&M 19766 Tablet Holder + K&M 260/1 Mikrofonständer"
"562","0785","Mikrofonstativ","K&M 210/6 + K&M 25620 Eigen-Umbau"
"563","0786","Mikrofonstativ","K&M 210/6 + K&M 25620 Eigen-Umbau"
"564","0787","Video","Sony - BRC-AM7"
"565","0788","PTZ Controler","PTC-TN"
"566","0789","PTZ Controler","BRC-H800"
"567","0790","Kamera","Sony BRC-H800"
"568","0791","Moving Light Spot","Robin MMX Spot"
"569","0792","Moving Light Spot","Robing MMX Spot"
"570","0793","Moving Light Spot","Robin MMX Spot"
"571","0794","Moving Light Spot","Robin MMX Spot"
"572","0795","NUC Windows PC","K11"
"70","0068","HDMI to SDI Converter","yellobrik CHD 1802"
"79","0503",,"Milwaukee Sauger 1200 W"
"80","0504",,"Milwaukee Ladegerät M 12-18 SC"
"83","0507",,"AKKU Stichsäge Milwaukee M 18 FBJS"
"85","0510",,"Ladestation M1418 C6, 5 Akkus "
"86","0511",,"AKKU Lampe M 18 TAL"
"89","0514",,"Stemmhammer K 545S"
"90","0509",,"Akku Schrauber M 18CBLPD, 2 AKKUS"
"91","0515",,"Stemmhammer PLH 28E"
"92","0516",,"Stemmhammer PLH 28E"
"93","0517",,"Stemmhammer K 545S"
"94","0518",,"Stemmhammer GSH 5"
"95","0519",,"Stemmhammer GBH 540DCE"
"97","0520",,"Hochdruckreiniger E.145.4"
"98","0521",,"Hochdruckreiniger K 7"
"99","0522",,"Einhell Stromaggregat "
"100","0524",,"AKKU Lampe 18 TAL "
"101","0523",,"Flex M 14"
"102","0525",,"Lampe M 18 ONE SLSP"
"103","0528",,"Lampe M 18 ONESLP"
"104","0526",,"Flex AGV 15-125 XE"
"105","0527",,"Ladegerät M 1418 C6"
"106","0529",,"Ladegerät M 1418 C6"
"107","0530",,"Flex AGV 15-125 XE"
"108","0531",,"Stativlampe R 17000"
"176","0144","UHF-Sender","Synexis TS8"
"193","0161","Stream Deck","StreamDeck (20GAA9901)"
"204","0172","HDMI to SDI Converter","HA5"
"298","0267",,"Synexis TS8"
"302","0271",,"Kabeltrommel Schuko 25m 3G2,5mm"
"303","0272",,"Kabeltrommel Schuko 25m 3G2,5mm"
"304","0274",,"Kabeltrommel Schuko 25m 3G2,5mm"
"305","0273",,"Kabeltrommel Schuko 25m 3G2,5mm"
"306","0275",,"Kabeltrommel Schuko 25m 3G2,5mm"
"307","0276",,"Kabeltrommel Schuko 25m 3G2,5mm"
"308","0277",,"Kabeltrommel Schuko 25m 3G2,5mm"
"309","0278",,"Kabeltrommel Schuko 25m 3G2,5mm"
"310","0279",,"Kabeltrommel Schuko 35m 3G2,5mm"
"311","0280",,"Kabeltrommel Schuko 35m 3G2,5mm"
"312","0281",,"Kabeltrommel Schuko 35m 3G2,5mm"
"313","0282",,"Kabeltrommel Schuko 35m 3G2,5mm"
"314","0283",,"Kabeltrommel Schuko 35m 3G2,5mm"
"315","0284",,"CEE 32A Stromverteiler"
"316","0285",,"CEE 16A Verlängerung 30m"
"317","0286",,"CEE 16A Verlängerung 50m"
"318","0287",,"CEE 32A Verlängerung 50m auf Kabeltrommel"
"319","0288",,"CEE 16A Stromverteiler mit 25m Zuleitung auf Kabeltrommel"
"320","0289",,"CEE 63A Verlängerung 3m"
"321","0290",,"CEE Adapter 32A Stecker auf 63A Buchse"
"322","0291",,"CEE 32A Verlängerung 1m"
"323","0292",,"CEE Adapter 16A Stecker auf 32A Buchse"
"328","0296",,"LS 431 B - Lighting Stand"
"329","0298",,"LS 431 B - Lighting Stand"
"330","0300",,"LS 431 B - Lighting Stand"
"331","0302",,"LS 431 B - Lighting Stand"
"332","0297",,"LS 431 B - Square Steel Base"
"333","0299",,"LS 431 B - Square Steel Base"
"334","0301",,"LS 431 B - Square Steel Base"
"335","0303",,"LS 431 B - Square Steel Base"
"338","0536",,"0536"
"339","0537",,"HS 45 Heckenschere"
"340","0538",,"HSE 3500"
"341","0539",,"Stromerzeuger"
"342","0542",,"Baulaser"
"343","0543",,"Stativ Baulaser"
"344","0544",,"Akku Bohr und Stemmhammer"
"349","0311","SDI to HDMI Converter","Mini Converter SDI to HDMI 6G"
"352","0314",,"PT-EZ590"
"358","0320","Cross Converter SDI/HDMI","MD-Cross V2"
"363","0325","ATEM Mini Pro","ATEM Mini Pro"
"364","0329",,"DD0014"
"365","0328",,"X7S8H1H00-SW-SW"
"366","0327",,"HELO"
"368","0331",,"17-28mm F2.8 Di III RXD"
"369","0332",,"28-75mm F/2.8 Di III RXD"
"370","0333",,"SEL85F14GM"
"373","0343","HDMI to SDI Converter","CHD 1802-1"
"374","0342","HDMI to SDI Converter","CHD 1812"
"375","0341","SDI to HDMI Converter","Miniconverter SDI to HDMI 6G"
"434","0402","FX3","ILME-FX3"
"435","0403",,"SEL70200GM - F2.8/70-200mm "
"436","0404",,"SEL24F14GM - F1.4/24mm"
"437","0405","FX3","ILME-FX3"
"438","0406",,"FW568"
"439","0407","Fieldmonitor","FS5"
"444","0415","Bluetooth Audio Receiver","Bluetooth Audio Reciever"
"449","0420","Audio USB-Interface","M-Control"
"450","0423","Decklink Duo 2","Decklink Duo 2"
"451","0424",,"MG06"
"455","0421","Bildschirm","MultiSync M651"
"457","0422","Bildschirm","MultiSync M551"
"505","0472","Bildschirm","LCD-RMS8424S"
"507","0474","HDMI to SDI Converter","CHD 1802-1"
"508","0477","BiDirectional Converter HDMI/SDI","MicroConverter BiDirectional SDI/HDMI 12G"
"509","0476","SDI to HDMI Converter","Mini Converter SDI to HDMI"
"510","0475","SDI to HDMI Converter","Mini Converter SDI to HDMI"
"511","0478","SDI to HDMI Converter","Mini Converter SDI to HDMI"
"512","0479","HDMI to SDI Converter","PRO-H2-3GSDI"
"513","0480","HDMI to SDI Converter","PRO-H2-3GSDI"
"514","0481","HDMI to SDI Converter","PRO-H2-3GSDI"
"515","0482","HDMI to SDI Converter","PRO-H2-3GSDI"
"516","0483","HDMI to SDI Converter","PRO-H2-3GSDI"
"517","0484","HDMI to SDI Converter","PRO-H2-3GSDI"
"518","0485","HDMI to SDI Converter","PRO-H2-3GSDI"
"519","0486","HDMI to SDI Converter","PRO-H2-3GSDI"
"525","0493",,"Wireless Go"
"526","0494",,"Wireless Go II"
"527","0495",,"Wireless ME"
"529","0498","Scaler","MiniConverter UpDownCross"
"543","0760","Gimbal","Osmo Mobile 7P"
"544","0761","Tonangel","Rode Boompole"
"545","0763","Converter SDI to HDMI","Mini Converter SDI to HDMI"
"546","0764","Heavy Duty Stativ","126BSU"
"547","0765","Heavy Duty Stativ","126BSU"
"548","0766","Heavy Duty Stativ","126BSU"
"549","0767","Heavy Duty Stativ","126BSU"
"550","0768","Heavy Duty Stativ","126BSU"
